"896","36618","False"
"896","11619","True"
"896","36620","True"
"896","36621","True"
"896","36622","True"
"896","36623","True"
"896","36624","True"
"896","36696","True"
"896","36627","True"
"896","36697","True"
"896","36632","True"
"896","36633","True"
"896","36636","False"
"896","36638","False"
"896","36640","False"
"896","36641","False"
"896","36643","False"
"896","36644","False"
"896","36645","True"
"896","11697","True"
"896","11655","True"
"896","36652","True"
"896","36701","True"
"896","36656","True"
"896","36657","True"
"896","11573","True"
"896","11574","True"
"896","11575","True"
"896","36664","True"
"896","36665","True"
"896","36666","False"
"896","11579","False"
"896","11580","False"
"896","11583","False"
"896","36673","False"
"896","36674","False"
"896","36931","False"
"896","36932","True"
"896","36933","True"
"896","36934","True"
"896","36935","True"
"896","36936","True"
"896","36937","True"
"896","11594","True"
"896","36939","True"
"896","36940","True"
"896","36941","True"
"896","36942","True"
"896","36943","True"
"896","11600","True"
"896","11601","True"
"896","11602","True"
"896","36947","True"
"896","36948","True"
"896","36949","True"
"896","11577","True"
"896","36952","True"
"896","36953","True"
"896","11612","True"
"896","11578","True"
"896","12382","False"
"896","36959","True"
"896","36960","False"
"896","36961","True"
"896","36962","True"
"896","36963","True"
"896","36964","True"
"896","11588","True"
"896","11626","True"
"896","11628","True"
"896","11629","True"
"896","11630","True"
"896","11637","True"
"896","11641","True"
"896","11642","True"
"896","11644","True"
"896","11645","True"
"896","11646","True"
"896","11653","True"
"896","11585","True"
"896","11656","True"
"896","11657","True"
"896","11658","True"
"896","14988","True"
"896","11661","True"
"896","11663","True"
"896","11615","True"
"896","36675","True"
"896","11673","True"
"896","11672","True"
"896","36676","False"
"896","11680","True"
"896","36678","True"
"896","36679","True"
"896","11692","True"
"896","11693","True"
"896","11694","True"
"896","11696","False"
"896","36680","True"
"896","11705","True"
"896","36683","True"
"896","11596","True"
"896","11617","True"
"896","11685","True"
"896","11618","True"
"896","36691","True"
"896","11604","True"
"896","36693","False"
"866","36618","True"
"866","11619","True"
"866","36620","False"
"866","36621","True"
"866","36622","True"
"866","36623","True"
"866","36624","True"
"866","36696","True"
"866","36627","True"
"866","36697","True"
"866","36632","True"
"866","36633","True"
"866","36636","False"
"866","36638","False"
"866","36640","False"
"866","36641","False"
"866","36643","False"
"866","36644","False"
"866","36645","True"
"866","11697","False"
"866","11655","False"
"866","36652","False"
"866","36701","False"
"866","36656","False"
"866","36657","True"
"866","11573","True"
"866","11574","True"
"866","11575","True"
"866","36664","False"
"866","36665","False"
"866","36666","True"
"866","11579","True"
"866","11580","True"
"866","11583","True"
"866","36673","True"
"866","36674","False"
"866","36931","False"
"866","36932","False"
"866","36933","False"
"866","36934","True"
"866","36935","False"
"866","36936","False"
"866","36937","True"
"866","11594","True"
"866","36939","True"
"866","36940","True"
"866","36941","False"
"866","36942","True"
"866","36943","False"
"866","11600","True"
"866","11601","True"
"866","11602","False"
"866","36947","True"
"866","36948","True"
"866","36949","True"
"866","11577","True"
"866","36952","True"
"866","36953","True"
"866","11612","True"
"866","11578","False"
"866","12382","True"
"866","36959","True"
"866","36960","True"
"866","36961","True"
"866","36962","True"
"866","36963","False"
"866","36964","True"
"866","11588","True"
"866","11626","True"
"866","11628","False"
"866","11629","True"
"866","11630","True"
"866","11637","True"
"866","11641","True"
"866","11642","True"
"866","11644","True"
"866","11645","True"
"866","11646","True"
"866","11653","True"
"866","11585","True"
"866","11656","True"
"866","11657","True"
"866","11658","False"
"866","14988","True"
"866","11661","True"
"866","11663","False"
"866","11615","False"
"866","36675","False"
"866","11673","False"
"866","11672","False"
"866","36676","True"
"866","11680","True"
"866","36678","True"
"866","36679","False"
"866","11692","False"
"866","11693","True"
"866","11694","True"
"866","11696","False"
"866","36680","True"
"866","11705","True"
"866","36683","False"
"866","11596","True"
"866","11617","True"
"866","11685","True"
"866","11618","True"
"866","36691","True"
"866","11604","True"
"866","36693","False"
"39","36618","False"
"39","11619","True"
"39","36620","False"
"39","36621","False"
"39","36622","False"
"39","36623","False"
"39","36624","False"
"39","36696","False"
"39","36627","False"
"39","36697","False"
"39","36632","False"
"39","36633","False"
"39","36636","False"
"39","36638","False"
"39","36640","False"
"39","36641","False"
"39","36643","False"
"39","36644","False"
"39","36645","False"
"39","11697","True"
"39","11655","False"
"39","36652","False"
"39","36701","False"
"39","36656","False"
"39","36657","True"
"39","11573","True"
"39","11574","True"
"39","11575","True"
"39","36664","False"
"39","36665","False"
"39","36666","False"
"39","11579","True"
"39","11580","True"
"39","11583","True"
"39","36673","False"
"39","36674","False"
"39","36931","False"
"39","36932","False"
"39","36933","False"
"39","36934","False"
"39","36935","False"
"39","36936","False"
"39","36937","False"
"39","11594","True"
"39","36939","False"
"39","36940","False"
"39","36941","False"
"39","36942","False"
"39","36943","False"
"39","11600","True"
"39","11601","False"
"39","11602","False"
"39","36947","False"
"39","36948","True"
"39","36949","False"
"39","11577","False"
"39","36952","False"
"39","36953","False"
"39","11612","False"
"39","11578","True"
"39","12382","False"
"39","36959","False"
"39","36960","False"
"39","36961","False"
"39","36962","False"
"39","36963","False"
"39","36964","False"
"39","11588","True"
"39","11626","True"
"39","11628","True"
"39","11629","False"
"39","11630","True"
"39","11637","True"
"39","11641","True"
"39","11642","False"
"39","11644","False"
"39","11645","False"
"39","11646","False"
"39","11653","False"
"39","11585","True"
"39","11656","True"
"39","11657","True"
"39","11658","False"
"39","14988","False"
"39","11661","True"
"39","11663","False"
"39","11615","False"
"39","36675","False"
"39","11673","False"
"39","11672","False"
"39","36676","False"
"39","11680","True"
"39","36678","False"
"39","36679","False"
"39","11692","False"
"39","11693","True"
"39","11694","True"
"39","11696","False"
"39","36680","False"
"39","11705","True"
"39","36683","False"
"39","11596","False"
"39","11617","True"
"39","11685","True"
"39","11618","False"
"39","36691","False"
"39","11604","True"
"39","36693","False"
"175","36618","True"
"175","11619","True"
"175","36620","False"
"175","36621","True"
"175","36622","True"
"175","36623","True"
"175","36624","True"
"175","36696","True"
"175","36627","False"
"175","36697","True"
"175","36632","False"
"175","36633","True"
"175","36636","True"
"175","36638","True"
"175","36640","False"
"175","36641","False"
"175","36643","False"
"175","36644","False"
"175","36645","True"
"175","11697","True"
"175","11655","True"
"175","36652","True"
"175","36701","True"
"175","36656","True"
"175","36657","True"
"175","11573","True"
"175","11574","True"
"175","11575","True"
"175","36664","True"
"175","36665","True"
"175","36666","True"
"175","11579","True"
"175","11580","True"
"175","11583","True"
"175","36673","True"
"175","36674","True"
"175","36931","False"
"175","36932","False"
"175","36933","True"
"175","36934","True"
"175","36935","True"
"175","36936","True"
"175","36937","False"
"175","11594","False"
"175","36939","True"
"175","36940","True"
"175","36941","True"
"175","36942","True"
"175","36943","False"
"175","11600","True"
"175","11601","True"
"175","11602","False"
"175","36947","True"
"175","36948","True"
"175","36949","True"
"175","11577","True"
"175","36952","True"
"175","36953","True"
"175","11612","True"
"175","11578","True"
"175","12382","True"
"175","36959","True"
"175","36960","True"
"175","36961","True"
"175","36962","False"
"175","36963","False"
"175","36964","False"
"175","11588","True"
"175","11626","True"
"175","11628","True"
"175","11629","True"
"175","11630","True"
"175","11637","True"
"175","11641","True"
"175","11642","True"
"175","11644","True"
"175","11645","True"
"175","11646","True"
"175","11653","True"
"175","11585","True"
"175","11656","True"
"175","11657","False"
"175","11658","True"
"175","14988","True"
"175","11661","True"
"175","11663","True"
"175","11615","False"
"175","36675","False"
"175","11673","True"
"175","11672","True"
"175","36676","True"
"175","11680","True"
"175","36678","True"
"175","36679","True"
"175","11692","False"
"175","11693","True"
"175","11694","True"
"175","11696","False"
"175","36680","False"
"175","11705","True"
"175","36683","True"
"175","11596","True"
"175","11617","True"
"175","11685","True"
"175","11618","True"
"175","36691","True"
"175","11604","True"
"175","36693","False"
"1721","36618","True"
"1721","11619","True"
"1721","36620","True"
"1721","36621","True"
"1721","36622","False"
"1721","36623","True"
"1721","36624","True"
"1721","36696","True"
"1721","36627","False"
"1721","36697","True"
"1721","36632","False"
"1721","36633","True"
"1721","36636","True"
"1721","36638","True"
"1721","36640","True"
"1721","36641","True"
"1721","36643","True"
"1721","36644","False"
"1721","36645","False"
"1721","11697","False"
"1721","11655","False"
"1721","36652","False"
"1721","36701","True"
"1721","36656","False"
"1721","36657","True"
"1721","11573","False"
"1721","11574","False"
"1721","11575","False"
"1721","36664","False"
"1721","36665","True"
"1721","36666","False"
"1721","11579","False"
"1721","11580","False"
"1721","11583","False"
"1721","36673","False"
"1721","36674","False"
"1721","36931","False"
"1721","36932","False"
"1721","36933","True"
"1721","36934","False"
"1721","36935","False"
"1721","36936","True"
"1721","36937","False"
"1721","11594","False"
"1721","36939","True"
"1721","36940","True"
"1721","36941","True"
"1721","36942","True"
"1721","36943","False"
"1721","11600","False"
"1721","11601","False"
"1721","11602","False"
"1721","36947","True"
"1721","36948","True"
"1721","36949","False"
"1721","11577","False"
"1721","36952","True"
"1721","36953","False"
"1721","11612","False"
"1721","11578","False"
"1721","12382","True"
"1721","36959","True"
"1721","36960","False"
"1721","36961","False"
"1721","36962","False"
"1721","36963","False"
"1721","36964","True"
"1721","11588","True"
"1721","11626","False"
"1721","11628","False"
"1721","11629","True"
"1721","11630","False"
"1721","11637","False"
"1721","11641","False"
"1721","11642","False"
"1721","11644","False"
"1721","11645","False"
"1721","11646","False"
"1721","11653","False"
"1721","11585","False"
"1721","11656","False"
"1721","11657","False"
"1721","11658","False"
"1721","14988","False"
"1721","11661","False"
"1721","11663","False"
"1721","11615","False"
"1721","36675","False"
"1721","11673","False"
"1721","11672","True"
"1721","36676","True"
"1721","11680","False"
"1721","36678","True"
"1721","36679","True"
"1721","11692","False"
"1721","11693","False"
"1721","11694","True"
"1721","11696","False"
"1721","36680","False"
"1721","11705","False"
"1721","36683","False"
"1721","11596","False"
"1721","11617","True"
"1721","11685","False"
"1721","11618","True"
"1721","36691","True"
"1721","11604","True"
"1721","36693","False"
"1722","36618","False"
"1722","11619","False"
"1722","36620","True"
"1722","36621","False"
"1722","36622","False"
"1722","36623","True"
"1722","36624","False"
"1722","36696","False"
"1722","36627","False"
"1722","36697","False"
"1722","36632","True"
"1722","36633","False"
"1722","36636","True"
"1722","36638","False"
"1722","36640","True"
"1722","36641","False"
"1722","36643","False"
"1722","36644","False"
"1722","36645","False"
"1722","11697","False"
"1722","11655","False"
"1722","36652","False"
"1722","36701","False"
"1722","36656","True"
"1722","36657","True"
"1722","11573","True"
"1722","11574","False"
"1722","11575","False"
"1722","36664","False"
"1722","36665","True"
"1722","36666","False"
"1722","11579","False"
"1722","11580","False"
"1722","11583","False"
"1722","36673","False"
"1722","36674","True"
"1722","36931","True"
"1722","36932","True"
"1722","36933","True"
"1722","36934","False"
"1722","36935","True"
"1722","36936","False"
"1722","36937","False"
"1722","11594","True"
"1722","36939","False"
"1722","36940","False"
"1722","36941","False"
"1722","36942","False"
"1722","36943","False"
"1722","11600","True"
"1722","11601","True"
"1722","11602","True"
"1722","36947","True"
"1722","36948","True"
"1722","36949","True"
"1722","11577","True"
"1722","36952","False"
"1722","36953","False"
"1722","11612","False"
"1722","11578","False"
"1722","12382","True"
"1722","36959","False"
"1722","36960","False"
"1722","36961","False"
"1722","36962","True"
"1722","36963","False"
"1722","36964","True"
"1722","11588","False"
"1722","11626","False"
"1722","11628","True"
"1722","11629","True"
"1722","11630","True"
"1722","11637","False"
"1722","11641","False"
"1722","11642","False"
"1722","11644","True"
"1722","11645","True"
"1722","11646","True"
"1722","11653","True"
"1722","11585","True"
"1722","11656","True"
"1722","11657","False"
"1722","11658","False"
"1722","14988","False"
"1722","11661","False"
"1722","11663","False"
"1722","11615","False"
"1722","36675","True"
"1722","11673","False"
"1722","11672","True"
"1722","36676","False"
"1722","11680","False"
"1722","36678","False"
"1722","36679","True"
"1722","11692","False"
"1722","11693","True"
"1722","11694","False"
"1722","11696","False"
"1722","36680","True"
"1722","11705","True"
"1722","36683","True"
"1722","11596","False"
"1722","11617","False"
"1722","11685","False"
"1722","11618","False"
"1722","36691","False"
"1722","11604","False"
"1722","36693","True"
"1723","36618","False"
"1723","11619","True"
"1723","36620","False"
"1723","36621","False"
"1723","36622","True"
"1723","36623","False"
"1723","36624","False"
"1723","36696","True"
"1723","36627","False"
"1723","36697","False"
"1723","36632","True"
"1723","36633","True"
"1723","36636","True"
"1723","36638","False"
"1723","36640","False"
"1723","36641","False"
"1723","36643","False"
"1723","36644","False"
"1723","36645","True"
"1723","11697","True"
"1723","11655","True"
"1723","36652","True"
"1723","36701","False"
"1723","36656","False"
"1723","36657","True"
"1723","11573","True"
"1723","11574","False"
"1723","11575","True"
"1723","36664","False"
"1723","36665","False"
"1723","36666","True"
"1723","11579","True"
"1723","11580","True"
"1723","11583","True"
"1723","36673","True"
"1723","36674","True"
"1723","36931","False"
"1723","36932","False"
"1723","36933","False"
"1723","36934","False"
"1723","36935","True"
"1723","36936","True"
"1723","36937","False"
"1723","11594","True"
"1723","36939","False"
"1723","36940","False"
"1723","36941","True"
"1723","36942","False"
"1723","36943","False"
"1723","11600","True"
"1723","11601","True"
"1723","11602","True"
"1723","36947","True"
"1723","36948","True"
"1723","36949","False"
"1723","11577","True"
"1723","36952","True"
"1723","36953","True"
"1723","11612","True"
"1723","11578","True"
"1723","12382","True"
"1723","36959","False"
"1723","36960","False"
"1723","36961","False"
"1723","36962","False"
"1723","36963","False"
"1723","36964","False"
"1723","11588","True"
"1723","11626","True"
"1723","11628","True"
"1723","11629","True"
"1723","11630","True"
"1723","11637","True"
"1723","11641","True"
"1723","11642","True"
"1723","11644","True"
"1723","11645","True"
"1723","11646","True"
"1723","11653","True"
"1723","11585","True"
"1723","11656","True"
"1723","11657","True"
"1723","11658","False"
"1723","14988","False"
"1723","11661","True"
"1723","11663","True"
"1723","11615","False"
"1723","36675","False"
"1723","11673","True"
"1723","11672","True"
"1723","36676","True"
"1723","11680","True"
"1723","36678","False"
"1723","36679","True"
"1723","11692","True"
"1723","11693","True"
"1723","11694","True"
"1723","11696","True"
"1723","36680","False"
"1723","11705","True"
"1723","36683","False"
"1723","11596","True"
"1723","11617","True"
"1723","11685","True"
"1723","11618","True"
"1723","36691","False"
"1723","11604","True"
"1723","36693","True"
"1724","36618","False"
"1724","11619","False"
"1724","36620","False"
"1724","36621","False"
"1724","36622","False"
"1724","36623","False"
"1724","36624","False"
"1724","36696","False"
"1724","36627","False"
"1724","36697","False"
"1724","36632","False"
"1724","36633","False"
"1724","36636","False"
"1724","36638","False"
"1724","36640","False"
"1724","36641","False"
"1724","36643","False"
"1724","36644","False"
"1724","36645","False"
"1724","11697","False"
"1724","11655","False"
"1724","36652","False"
"1724","36701","False"
"1724","36656","False"
"1724","36657","False"
"1724","11573","False"
"1724","11574","False"
"1724","11575","False"
"1724","36664","False"
"1724","36665","False"
"1724","36666","True"
"1724","11579","True"
"1724","11580","False"
"1724","11583","True"
"1724","36673","True"
"1724","36674","False"
"1724","36931","False"
"1724","36932","False"
"1724","36933","False"
"1724","36934","False"
"1724","36935","False"
"1724","36936","False"
"1724","36937","False"
"1724","11594","False"
"1724","36939","False"
"1724","36940","False"
"1724","36941","False"
"1724","36942","False"
"1724","36943","False"
"1724","11600","False"
"1724","11601","False"
"1724","11602","False"
"1724","36947","False"
"1724","36948","False"
"1724","36949","True"
"1724","11577","True"
"1724","36952","True"
"1724","36953","True"
"1724","11612","True"
"1724","11578","True"
"1724","12382","True"
"1724","36959","True"
"1724","36960","False"
"1724","36961","False"
"1724","36962","False"
"1724","36963","False"
"1724","36964","False"
"1724","11588","False"
"1724","11626","False"
"1724","11628","False"
"1724","11629","True"
"1724","11630","True"
"1724","11637","False"
"1724","11641","False"
"1724","11642","False"
"1724","11644","False"
"1724","11645","True"
"1724","11646","True"
"1724","11653","False"
"1724","11585","True"
"1724","11656","False"
"1724","11657","False"
"1724","11658","False"
"1724","14988","False"
"1724","11661","True"
"1724","11663","False"
"1724","11615","False"
"1724","36675","False"
"1724","11673","False"
"1724","11672","False"
"1724","36676","True"
"1724","11680","True"
"1724","36678","False"
"1724","36679","True"
"1724","11692","False"
"1724","11693","False"
"1724","11694","True"
"1724","11696","False"
"1724","36680","True"
"1724","11705","True"
"1724","36683","True"
"1724","11596","True"
"1724","11617","True"
"1724","11685","False"
"1724","11618","False"
"1724","36691","True"
"1724","11604","True"
"1724","36693","False"
"1725","36618","True"
"1725","11619","True"
"1725","36620","True"
"1725","36621","True"
"1725","36622","True"
"1725","36623","True"
"1725","36624","True"
"1725","36696","True"
"1725","36627","True"
"1725","36697","True"
"1725","36632","True"
"1725","36633","False"
"1725","36636","True"
"1725","36638","False"
"1725","36640","False"
"1725","36641","True"
"1725","36643","True"
"1725","36644","False"
"1725","36645","True"
"1725","11697","True"
"1725","11655","True"
"1725","36652","True"
"1725","36701","True"
"1725","36656","True"
"1725","36657","True"
"1725","11573","True"
"1725","11574","True"
"1725","11575","True"
"1725","36664","False"
"1725","36665","True"
"1725","36666","True"
"1725","11579","True"
"1725","11580","True"
"1725","11583","True"
"1725","36673","True"
"1725","36674","False"
"1725","36931","True"
"1725","36932","False"
"1725","36933","True"
"1725","36934","True"
"1725","36935","True"
"1725","36936","True"
"1725","36937","True"
"1725","11594","True"
"1725","36939","True"
"1725","36940","True"
"1725","36941","True"
"1725","36942","True"
"1725","36943","True"
"1725","11600","True"
"1725","11601","True"
"1725","11602","False"
"1725","36947","True"
"1725","36948","True"
"1725","36949","True"
"1725","11577","True"
"1725","36952","True"
"1725","36953","True"
"1725","11612","True"
"1725","11578","True"
"1725","12382","True"
"1725","36959","True"
"1725","36960","True"
"1725","36961","True"
"1725","36962","True"
"1725","36963","True"
"1725","36964","False"
"1725","11588","True"
"1725","11626","True"
"1725","11628","True"
"1725","11629","True"
"1725","11630","True"
"1725","11637","True"
"1725","11641","True"
"1725","11642","True"
"1725","11644","True"
"1725","11645","True"
"1725","11646","True"
"1725","11653","True"
"1725","11585","True"
"1725","11656","True"
"1725","11657","True"
"1725","11658","True"
"1725","14988","True"
"1725","11661","True"
"1725","11663","True"
"1725","11615","False"
"1725","36675","True"
"1725","11673","True"
"1725","11672","True"
"1725","36676","True"
"1725","11680","True"
"1725","36678","True"
"1725","36679","True"
"1725","11692","False"
"1725","11693","True"
"1725","11694","True"
"1725","11696","False"
"1725","36680","True"
"1725","11705","True"
"1725","36683","True"
"1725","11596","True"
"1725","11617","True"
"1725","11685","True"
"1725","11618","True"
"1725","36691","True"
"1725","11604","True"
"1725","36693","False"
"1726","36618","False"
"1726","11619","True"
"1726","36620","False"
"1726","36621","False"
"1726","36622","False"
"1726","36623","True"
"1726","36624","True"
"1726","36696","False"
"1726","36627","False"
"1726","36697","False"
"1726","36632","False"
"1726","36633","False"
"1726","36636","False"
"1726","36638","False"
"1726","36640","False"
"1726","36641","False"
"1726","36643","False"
"1726","36644","False"
"1726","36645","False"
"1726","11697","True"
"1726","11655","True"
"1726","36652","False"
"1726","36701","False"
"1726","36656","False"
"1726","36657","False"
"1726","11573","True"
"1726","11574","False"
"1726","11575","True"
"1726","36664","False"
"1726","36665","False"
"1726","36666","False"
"1726","11579","True"
"1726","11580","True"
"1726","11583","False"
"1726","36673","False"
"1726","36674","False"
"1726","36931","False"
"1726","36932","False"
"1726","36933","False"
"1726","36934","False"
"1726","36935","False"
"1726","36936","False"
"1726","36937","False"
"1726","11594","True"
"1726","36939","False"
"1726","36940","False"
"1726","36941","False"
"1726","36942","False"
"1726","36943","False"
"1726","11600","False"
"1726","11601","False"
"1726","11602","True"
"1726","36947","False"
"1726","36948","False"
"1726","36949","False"
"1726","11577","False"
"1726","36952","False"
"1726","36953","False"
"1726","11612","False"
"1726","11578","True"
"1726","12382","False"
"1726","36959","False"
"1726","36960","False"
"1726","36961","False"
"1726","36962","True"
"1726","36963","False"
"1726","36964","False"
"1726","11588","False"
"1726","11626","False"
"1726","11628","True"
"1726","11629","True"
"1726","11630","False"
"1726","11637","False"
"1726","11641","True"
"1726","11642","True"
"1726","11644","False"
"1726","11645","True"
"1726","11646","False"
"1726","11653","True"
"1726","11585","True"
"1726","11656","True"
"1726","11657","False"
"1726","11658","False"
"1726","14988","False"
"1726","11661","False"
"1726","11663","True"
"1726","11615","True"
"1726","36675","False"
"1726","11673","False"
"1726","11672","True"
"1726","36676","False"
"1726","11680","False"
"1726","36678","False"
"1726","36679","False"
"1726","11692","True"
"1726","11693","True"
"1726","11694","False"
"1726","11696","False"
"1726","36680","False"
"1726","11705","True"
"1726","36683","False"
"1726","11596","False"
"1726","11617","True"
"1726","11685","True"
"1726","11618","False"
"1726","36691","False"
"1726","11604","False"
"1726","36693","False"
"1727","36618","True"
"1727","11619","True"
"1727","36620","False"
"1727","36621","False"
"1727","36622","False"
"1727","36623","True"
"1727","36624","True"
"1727","36696","True"
"1727","36627","True"
"1727","36697","False"
"1727","36632","False"
"1727","36633","True"
"1727","36636","False"
"1727","36638","False"
"1727","36640","False"
"1727","36641","False"
"1727","36643","False"
"1727","36644","False"
"1727","36645","False"
"1727","11697","True"
"1727","11655","True"
"1727","36652","False"
"1727","36701","False"
"1727","36656","False"
"1727","36657","True"
"1727","11573","True"
"1727","11574","True"
"1727","11575","True"
"1727","36664","False"
"1727","36665","False"
"1727","36666","False"
"1727","11579","True"
"1727","11580","False"
"1727","11583","True"
"1727","36673","False"
"1727","36674","False"
"1727","36931","False"
"1727","36932","False"
"1727","36933","False"
"1727","36934","False"
"1727","36935","False"
"1727","36936","False"
"1727","36937","False"
"1727","11594","True"
"1727","36939","False"
"1727","36940","True"
"1727","36941","False"
"1727","36942","False"
"1727","36943","True"
"1727","11600","True"
"1727","11601","True"
"1727","11602","False"
"1727","36947","False"
"1727","36948","True"
"1727","36949","False"
"1727","11577","True"
"1727","36952","False"
"1727","36953","False"
"1727","11612","True"
"1727","11578","False"
"1727","12382","True"
"1727","36959","False"
"1727","36960","False"
"1727","36961","False"
"1727","36962","False"
"1727","36963","False"
"1727","36964","False"
"1727","11588","True"
"1727","11626","False"
"1727","11628","True"
"1727","11629","True"
"1727","11630","True"
"1727","11637","True"
"1727","11641","True"
"1727","11642","False"
"1727","11644","False"
"1727","11645","False"
"1727","11646","True"
"1727","11653","False"
"1727","11585","True"
"1727","11656","False"
"1727","11657","False"
"1727","11658","False"
"1727","14988","True"
"1727","11661","True"
"1727","11663","False"
"1727","11615","True"
"1727","36675","False"
"1727","11673","True"
"1727","11672","True"
"1727","36676","False"
"1727","11680","True"
"1727","36678","False"
"1727","36679","False"
"1727","11692","False"
"1727","11693","False"
"1727","11694","True"
"1727","11696","False"
"1727","36680","False"
"1727","11705","True"
"1727","36683","False"
"1727","11596","True"
"1727","11617","True"
"1727","11685","True"
"1727","11618","False"
"1727","36691","False"
"1727","11604","False"
"1727","36693","False"
"1730","36618","False"
"1730","11619","True"
"1730","36620","False"
"1730","36621","False"
"1730","36622","False"
"1730","36623","True"
"1730","36624","True"
"1730","36696","False"
"1730","36627","False"
"1730","36697","False"
"1730","36632","False"
"1730","36633","True"
"1730","36636","False"
"1730","36638","False"
"1730","36640","False"
"1730","36641","False"
"1730","36643","False"
"1730","36644","False"
"1730","36645","False"
"1730","11697","True"
"1730","11655","True"
"1730","36652","False"
"1730","36701","False"
"1730","36656","False"
"1730","36657","False"
"1730","11573","True"
"1730","11574","True"
"1730","11575","True"
"1730","36664","False"
"1730","36665","False"
"1730","36666","False"
"1730","11579","True"
"1730","11580","True"
"1730","11583","True"
"1730","36673","False"
"1730","36674","False"
"1730","36931","False"
"1730","36932","False"
"1730","36933","False"
"1730","36934","False"
"1730","36935","False"
"1730","36936","False"
"1730","36937","False"
"1730","11594","True"
"1730","36939","False"
"1730","36940","False"
"1730","36941","False"
"1730","36942","False"
"1730","36943","False"
"1730","11600","True"
"1730","11601","True"
"1730","11602","False"
"1730","36947","False"
"1730","36948","True"
"1730","36949","False"
"1730","11577","True"
"1730","36952","False"
"1730","36953","False"
"1730","11612","False"
"1730","11578","True"
"1730","12382","False"
"1730","36959","False"
"1730","36960","True"
"1730","36961","False"
"1730","36962","False"
"1730","36963","False"
"1730","36964","False"
"1730","11588","False"
"1730","11626","True"
"1730","11628","True"
"1730","11629","True"
"1730","11630","True"
"1730","11637","True"
"1730","11641","True"
"1730","11642","True"
"1730","11644","True"
"1730","11645","True"
"1730","11646","True"
"1730","11653","True"
"1730","11585","True"
"1730","11656","True"
"1730","11657","True"
"1730","11658","False"
"1730","14988","False"
"1730","11661","True"
"1730","11663","True"
"1730","11615","False"
"1730","36675","False"
"1730","11673","True"
"1730","11672","False"
"1730","36676","False"
"1730","11680","True"
"1730","36678","False"
"1730","36679","False"
"1730","11692","False"
"1730","11693","True"
"1730","11694","True"
"1730","11696","True"
"1730","36680","False"
"1730","11705","True"
"1730","36683","False"
"1730","11596","True"
"1730","11617","True"
"1730","11685","True"
"1730","11618","True"
"1730","36691","False"
"1730","11604","True"
"1730","36693","False"
"1731","36618","True"
"1731","11619","False"
"1731","36620","False"
"1731","36621","False"
"1731","36622","False"
"1731","36623","False"
"1731","36624","False"
"1731","36696","True"
"1731","36627","False"
"1731","36697","False"
"1731","36632","False"
"1731","36633","False"
"1731","36636","False"
"1731","36638","False"
"1731","36640","False"
"1731","36641","False"
"1731","36643","False"
"1731","36644","False"
"1731","36645","True"
"1731","11697","False"
"1731","11655","False"
"1731","36652","False"
"1731","36701","False"
"1731","36656","False"
"1731","36657","False"
"1731","11573","False"
"1731","11574","False"
"1731","11575","False"
"1731","36664","False"
"1731","36665","False"
"1731","36666","False"
"1731","11579","True"
"1731","11580","False"
"1731","11583","False"
"1731","36673","False"
"1731","36674","True"
"1731","36931","False"
"1731","36932","False"
"1731","36933","False"
"1731","36934","False"
"1731","36935","False"
"1731","36936","False"
"1731","36937","True"
"1731","11594","True"
"1731","36939","False"
"1731","36940","False"
"1731","36941","False"
"1731","36942","False"
"1731","36943","False"
"1731","11600","False"
"1731","11601","True"
"1731","11602","False"
"1731","36947","False"
"1731","36948","False"
"1731","36949","False"
"1731","11577","False"
"1731","36952","False"
"1731","36953","False"
"1731","11612","False"
"1731","11578","False"
"1731","12382","False"
"1731","36959","False"
"1731","36960","False"
"1731","36961","False"
"1731","36962","False"
"1731","36963","False"
"1731","36964","False"
"1731","11588","False"
"1731","11626","False"
"1731","11628","False"
"1731","11629","False"
"1731","11630","False"
"1731","11637","False"
"1731","11641","False"
"1731","11642","False"
"1731","11644","False"
"1731","11645","False"
"1731","11646","False"
"1731","11653","False"
"1731","11585","True"
"1731","11656","False"
"1731","11657","False"
"1731","11658","False"
"1731","14988","False"
"1731","11661","False"
"1731","11663","False"
"1731","11615","False"
"1731","36675","False"
"1731","11673","False"
"1731","11672","True"
"1731","36676","False"
"1731","11680","False"
"1731","36678","False"
"1731","36679","False"
"1731","11692","False"
"1731","11693","False"
"1731","11694","False"
"1731","11696","False"
"1731","36680","False"
"1731","11705","False"
"1731","36683","False"
"1731","11596","False"
"1731","11617","False"
"1731","11685","False"
"1731","11618","False"
"1731","36691","False"
"1731","11604","True"
"1731","36693","False"
"1733","36618","False"
"1733","11619","True"
"1733","36620","False"
"1733","36621","False"
"1733","36622","False"
"1733","36623","False"
"1733","36624","False"
"1733","36696","True"
"1733","36627","False"
"1733","36697","False"
"1733","36632","False"
"1733","36633","True"
"1733","36636","False"
"1733","36638","False"
"1733","36640","False"
"1733","36641","False"
"1733","36643","False"
"1733","36644","False"
"1733","36645","True"
"1733","11697","False"
"1733","11655","False"
"1733","36652","False"
"1733","36701","False"
"1733","36656","False"
"1733","36657","False"
"1733","11573","False"
"1733","11574","False"
"1733","11575","False"
"1733","36664","False"
"1733","36665","False"
"1733","36666","False"
"1733","11579","True"
"1733","11580","False"
"1733","11583","True"
"1733","36673","False"
"1733","36674","False"
"1733","36931","False"
"1733","36932","False"
"1733","36933","False"
"1733","36934","False"
"1733","36935","False"
"1733","36936","False"
"1733","36937","False"
"1733","11594","False"
"1733","36939","False"
"1733","36940","False"
"1733","36941","False"
"1733","36942","False"
"1733","36943","False"
"1733","11600","False"
"1733","11601","True"
"1733","11602","False"
"1733","36947","False"
"1733","36948","True"
"1733","36949","False"
"1733","11577","False"
"1733","36952","False"
"1733","36953","False"
"1733","11612","False"
"1733","11578","False"
"1733","12382","True"
"1733","36959","False"
"1733","36960","False"
"1733","36961","False"
"1733","36962","False"
"1733","36963","False"
"1733","36964","False"
"1733","11588","False"
"1733","11626","False"
"1733","11628","False"
"1733","11629","True"
"1733","11630","False"
"1733","11637","False"
"1733","11641","True"
"1733","11642","False"
"1733","11644","False"
"1733","11645","False"
"1733","11646","False"
"1733","11653","False"
"1733","11585","True"
"1733","11656","True"
"1733","11657","True"
"1733","11658","False"
"1733","14988","False"
"1733","11661","False"
"1733","11663","False"
"1733","11615","False"
"1733","36675","False"
"1733","11673","False"
"1733","11672","False"
"1733","36676","False"
"1733","11680","True"
"1733","36678","False"
"1733","36679","False"
"1733","11692","False"
"1733","11693","True"
"1733","11694","False"
"1733","11696","False"
"1733","36680","False"
"1733","11705","True"
"1733","36683","False"
"1733","11596","True"
"1733","11617","False"
"1733","11685","False"
"1733","11618","True"
"1733","36691","False"
"1733","11604","False"
"1733","36693","False"
"1734","36618","False"
"1734","11619","False"
"1734","36620","False"
"1734","36621","False"
"1734","36622","False"
"1734","36623","True"
"1734","36624","True"
"1734","36696","False"
"1734","36627","False"
"1734","36697","False"
"1734","36632","False"
"1734","36633","True"
"1734","36636","False"
"1734","36638","False"
"1734","36640","False"
"1734","36641","False"
"1734","36643","False"
"1734","36644","False"
"1734","36645","False"
"1734","11697","True"
"1734","11655","False"
"1734","36652","False"
"1734","36701","False"
"1734","36656","False"
"1734","36657","True"
"1734","11573","True"
"1734","11574","False"
"1734","11575","True"
"1734","36664","False"
"1734","36665","False"
"1734","36666","False"
"1734","11579","True"
"1734","11580","False"
"1734","11583","True"
"1734","36673","False"
"1734","36674","False"
"1734","36931","False"
"1734","36932","False"
"1734","36933","False"
"1734","36934","False"
"1734","36935","False"
"1734","36936","False"
"1734","36937","False"
"1734","11594","True"
"1734","36939","False"
"1734","36940","False"
"1734","36941","False"
"1734","36942","False"
"1734","36943","False"
"1734","11600","True"
"1734","11601","False"
"1734","11602","True"
"1734","36947","False"
"1734","36948","False"
"1734","36949","False"
"1734","11577","False"
"1734","36952","False"
"1734","36953","False"
"1734","11612","True"
"1734","11578","True"
"1734","12382","True"
"1734","36959","False"
"1734","36960","True"
"1734","36961","False"
"1734","36962","False"
"1734","36963","False"
"1734","36964","False"
"1734","11588","True"
"1734","11626","True"
"1734","11628","True"
"1734","11629","True"
"1734","11630","True"
"1734","11637","False"
"1734","11641","False"
"1734","11642","False"
"1734","11644","False"
"1734","11645","False"
"1734","11646","False"
"1734","11653","False"
"1734","11585","False"
"1734","11656","False"
"1734","11657","False"
"1734","11658","False"
"1734","14988","True"
"1734","11661","True"
"1734","11663","False"
"1734","11615","True"
"1734","36675","False"
"1734","11673","True"
"1734","11672","True"
"1734","36676","False"
"1734","11680","True"
"1734","36678","True"
"1734","36679","False"
"1734","11692","False"
"1734","11693","True"
"1734","11694","True"
"1734","11696","True"
"1734","36680","False"
"1734","11705","True"
"1734","36683","False"
"1734","11596","True"
"1734","11617","True"
"1734","11685","True"
"1734","11618","True"
"1734","36691","False"
"1734","11604","True"
"1734","36693","True"
"97","36618","False"
"97","11619","True"
"97","36620","False"
"97","36621","False"
"97","36622","True"
"97","36623","False"
"97","36624","True"
"97","36696","True"
"97","36627","True"
"97","36697","True"
"97","36632","True"
"97","36633","True"
"97","36636","False"
"97","36638","False"
"97","36640","False"
"97","36641","False"
"97","36643","False"
"97","36644","False"
"97","36645","True"
"97","11697","False"
"97","11655","False"
"97","36652","False"
"97","36701","False"
"97","36656","False"
"97","36657","False"
"97","11573","False"
"97","11574","False"
"97","11575","True"
"97","36664","True"
"97","36665","True"
"97","36666","True"
"97","11579","True"
"97","11580","True"
"97","11583","True"
"97","36673","True"
"97","36674","True"
"97","36931","True"
"97","36932","False"
"97","36933","True"
"97","36934","False"
"97","36935","True"
"97","36936","True"
"97","36937","False"
"97","11594","True"
"97","36939","False"
"97","36940","False"
"97","36941","False"
"97","36942","False"
"97","36943","False"
"97","11600","True"
"97","11601","False"
"97","11602","True"
"97","36947","False"
"97","36948","True"
"97","36949","True"
"97","11577","False"
"97","36952","False"
"97","36953","False"
"97","11612","False"
"97","11578","False"
"97","12382","True"
"97","36959","False"
"97","36960","False"
"97","36961","False"
"97","36962","False"
"97","36963","False"
"97","36964","False"
"97","11588","False"
"97","11626","False"
"97","11628","True"
"97","11629","True"
"97","11630","False"
"97","11637","True"
"97","11641","True"
"97","11642","True"
"97","11644","True"
"97","11645","True"
"97","11646","True"
"97","11653","True"
"97","11585","True"
"97","11656","True"
"97","11657","True"
"97","11658","False"
"97","14988","True"
"97","11661","True"
"97","11663","False"
"97","11615","False"
"97","36675","False"
"97","11673","False"
"97","11672","False"
"97","36676","True"
"97","11680","True"
"97","36678","False"
"97","36679","False"
"97","11692","False"
"97","11693","False"
"97","11694","False"
"97","11696","False"
"97","36680","False"
"97","11705","False"
"97","36683","False"
"97","11596","False"
"97","11617","False"
"97","11685","True"
"97","11618","True"
"97","36691","False"
"97","11604","False"
"97","36693","False"
"1737","36618","False"
"1737","11619","False"
"1737","36620","False"
"1737","36621","False"
"1737","36622","False"
"1737","36623","False"
"1737","36624","True"
"1737","36696","False"
"1737","36627","False"
"1737","36697","True"
"1737","36632","True"
"1737","36633","False"
"1737","36636","True"
"1737","36638","True"
"1737","36640","True"
"1737","36641","True"
"1737","36643","True"
"1737","36644","True"
"1737","36645","True"
"1737","11697","True"
"1737","11655","True"
"1737","36652","True"
"1737","36701","True"
"1737","36656","True"
"1737","36657","True"
"1737","11573","True"
"1737","11574","False"
"1737","11575","False"
"1737","36664","True"
"1737","36665","True"
"1737","36666","True"
"1737","11579","False"
"1737","11580","True"
"1737","11583","False"
"1737","36673","True"
"1737","36674","True"
"1737","36931","False"
"1737","36932","False"
"1737","36933","False"
"1737","36934","False"
"1737","36935","True"
"1737","36936","False"
"1737","36937","False"
"1737","11594","False"
"1737","36939","True"
"1737","36940","False"
"1737","36941","False"
"1737","36942","True"
"1737","36943","True"
"1737","11600","False"
"1737","11601","False"
"1737","11602","False"
"1737","36947","False"
"1737","36948","False"
"1737","36949","True"
"1737","11577","False"
"1737","36952","False"
"1737","36953","False"
"1737","11612","False"
"1737","11578","False"
"1737","12382","False"
"1737","36959","True"
"1737","36960","False"
"1737","36961","True"
"1737","36962","True"
"1737","36963","False"
"1737","36964","False"
"1737","11588","True"
"1737","11626","False"
"1737","11628","False"
"1737","11629","False"
"1737","11630","False"
"1737","11637","False"
"1737","11641","False"
"1737","11642","False"
"1737","11644","False"
"1737","11645","False"
"1737","11646","False"
"1737","11653","False"
"1737","11585","False"
"1737","11656","False"
"1737","11657","False"
"1737","11658","False"
"1737","14988","False"
"1737","11661","False"
"1737","11663","False"
"1737","11615","False"
"1737","36675","False"
"1737","11673","False"
"1737","11672","False"
"1737","36676","True"
"1737","11680","False"
"1737","36678","True"
"1737","36679","True"
"1737","11692","True"
"1737","11693","False"
"1737","11694","False"
"1737","11696","False"
"1737","36680","True"
"1737","11705","False"
"1737","36683","True"
"1737","11596","True"
"1737","11617","False"
"1737","11685","False"
"1737","11618","False"
"1737","36691","False"
"1737","11604","False"
"1737","36693","False"
"1738","36618","False"
"1738","11619","True"
"1738","36620","False"
"1738","36621","False"
"1738","36622","True"
"1738","36623","False"
"1738","36624","True"
"1738","36696","True"
"1738","36627","False"
"1738","36697","False"
"1738","36632","False"
"1738","36633","False"
"1738","36636","True"
"1738","36638","False"
"1738","36640","False"
"1738","36641","False"
"1738","36643","False"
"1738","36644","False"
"1738","36645","True"
"1738","11697","True"
"1738","11655","True"
"1738","36652","False"
"1738","36701","False"
"1738","36656","False"
"1738","36657","True"
"1738","11573","False"
"1738","11574","False"
"1738","11575","True"
"1738","36664","False"
"1738","36665","False"
"1738","36666","False"
"1738","11579","True"
"1738","11580","True"
"1738","11583","True"
"1738","36673","False"
"1738","36674","False"
"1738","36931","False"
"1738","36932","False"
"1738","36933","False"
"1738","36934","False"
"1738","36935","False"
"1738","36936","False"
"1738","36937","True"
"1738","11594","True"
"1738","36939","False"
"1738","36940","False"
"1738","36941","False"
"1738","36942","False"
"1738","36943","False"
"1738","11600","True"
"1738","11601","True"
"1738","11602","False"
"1738","36947","False"
"1738","36948","True"
"1738","36949","False"
"1738","11577","False"
"1738","36952","True"
"1738","36953","False"
"1738","11612","False"
"1738","11578","False"
"1738","12382","True"
"1738","36959","False"
"1738","36960","False"
"1738","36961","False"
"1738","36962","False"
"1738","36963","False"
"1738","36964","False"
"1738","11588","False"
"1738","11626","False"
"1738","11628","True"
"1738","11629","True"
"1738","11630","True"
"1738","11637","False"
"1738","11641","True"
"1738","11642","True"
"1738","11644","True"
"1738","11645","True"
"1738","11646","False"
"1738","11653","True"
"1738","11585","False"
"1738","11656","True"
"1738","11657","False"
"1738","11658","False"
"1738","14988","False"
"1738","11661","False"
"1738","11663","False"
"1738","11615","False"
"1738","36675","False"
"1738","11673","False"
"1738","11672","False"
"1738","36676","True"
"1738","11680","False"
"1738","36678","False"
"1738","36679","True"
"1738","11692","False"
"1738","11693","True"
"1738","11694","True"
"1738","11696","False"
"1738","36680","False"
"1738","11705","True"
"1738","36683","False"
"1738","11596","True"
"1738","11617","True"
"1738","11685","True"
"1738","11618","False"
"1738","36691","False"
"1738","11604","True"
"1738","36693","False"
"1740","36618","True"
"1740","11619","True"
"1740","36620","False"
"1740","36621","False"
"1740","36622","False"
"1740","36623","True"
"1740","36624","True"
"1740","36696","False"
"1740","36627","True"
"1740","36697","True"
"1740","36632","False"
"1740","36633","False"
"1740","36636","False"
"1740","36638","False"
"1740","36640","False"
"1740","36641","True"
"1740","36643","True"
"1740","36644","False"
"1740","36645","False"
"1740","11697","True"
"1740","11655","False"
"1740","36652","True"
"1740","36701","True"
"1740","36656","False"
"1740","36657","False"
"1740","11573","False"
"1740","11574","False"
"1740","11575","False"
"1740","36664","False"
"1740","36665","True"
"1740","36666","False"
"1740","11579","False"
"1740","11580","False"
"1740","11583","False"
"1740","36673","True"
"1740","36674","False"
"1740","36931","False"
"1740","36932","False"
"1740","36933","False"
"1740","36934","False"
"1740","36935","False"
"1740","36936","False"
"1740","36937","False"
"1740","11594","False"
"1740","36939","True"
"1740","36940","True"
"1740","36941","False"
"1740","36942","False"
"1740","36943","True"
"1740","11600","False"
"1740","11601","False"
"1740","11602","False"
"1740","36947","True"
"1740","36948","False"
"1740","36949","False"
"1740","11577","False"
"1740","36952","False"
"1740","36953","False"
"1740","11612","False"
"1740","11578","False"
"1740","12382","False"
"1740","36959","False"
"1740","36960","False"
"1740","36961","True"
"1740","36962","False"
"1740","36963","False"
"1740","36964","False"
"1740","11588","False"
"1740","11626","False"
"1740","11628","True"
"1740","11629","False"
"1740","11630","True"
"1740","11637","False"
"1740","11641","False"
"1740","11642","False"
"1740","11644","False"
"1740","11645","False"
"1740","11646","False"
"1740","11653","False"
"1740","11585","False"
"1740","11656","False"
"1740","11657","False"
"1740","11658","False"
"1740","14988","False"
"1740","11661","False"
"1740","11663","False"
"1740","11615","False"
"1740","36675","False"
"1740","11673","False"
"1740","11672","False"
"1740","36676","True"
"1740","11680","False"
"1740","36678","True"
"1740","36679","False"
"1740","11692","True"
"1740","11693","False"
"1740","11694","False"
"1740","11696","False"
"1740","36680","True"
"1740","11705","False"
"1740","36683","False"
"1740","11596","False"
"1740","11617","False"
"1740","11685","False"
"1740","11618","False"
"1740","36691","True"
"1740","11604","False"
"1740","36693","False"
"1741","36618","False"
"1741","11619","False"
"1741","36620","False"
"1741","36621","False"
"1741","36622","False"
"1741","36623","False"
"1741","36624","False"
"1741","36696","True"
"1741","36627","False"
"1741","36697","False"
"1741","36632","True"
"1741","36633","True"
"1741","36636","False"
"1741","36638","False"
"1741","36640","False"
"1741","36641","False"
"1741","36643","False"
"1741","36644","False"
"1741","36645","False"
"1741","11697","False"
"1741","11655","False"
"1741","36652","False"
"1741","36701","False"
"1741","36656","False"
"1741","36657","True"
"1741","11573","False"
"1741","11574","False"
"1741","11575","False"
"1741","36664","False"
"1741","36665","False"
"1741","36666","False"
"1741","11579","False"
"1741","11580","False"
"1741","11583","True"
"1741","36673","False"
"1741","36674","True"
"1741","36931","False"
"1741","36932","False"
"1741","36933","False"
"1741","36934","False"
"1741","36935","True"
"1741","36936","False"
"1741","36937","False"
"1741","11594","True"
"1741","36939","False"
"1741","36940","False"
"1741","36941","False"
"1741","36942","False"
"1741","36943","False"
"1741","11600","True"
"1741","11601","True"
"1741","11602","True"
"1741","36947","False"
"1741","36948","True"
"1741","36949","False"
"1741","11577","False"
"1741","36952","False"
"1741","36953","False"
"1741","11612","False"
"1741","11578","False"
"1741","12382","False"
"1741","36959","False"
"1741","36960","False"
"1741","36961","False"
"1741","36962","False"
"1741","36963","False"
"1741","36964","False"
"1741","11588","False"
"1741","11626","False"
"1741","11628","True"
"1741","11629","True"
"1741","11630","True"
"1741","11637","False"
"1741","11641","False"
"1741","11642","False"
"1741","11644","False"
"1741","11645","False"
"1741","11646","False"
"1741","11653","False"
"1741","11585","False"
"1741","11656","True"
"1741","11657","False"
"1741","11658","False"
"1741","14988","False"
"1741","11661","False"
"1741","11663","False"
"1741","11615","False"
"1741","36675","False"
"1741","11673","False"
"1741","11672","False"
"1741","36676","False"
"1741","11680","False"
"1741","36678","False"
"1741","36679","False"
"1741","11692","False"
"1741","11693","False"
"1741","11694","False"
"1741","11696","True"
"1741","36680","False"
"1741","11705","False"
"1741","36683","False"
"1741","11596","True"
"1741","11617","False"
"1741","11685","False"
"1741","11618","True"
"1741","36691","False"
"1741","11604","False"
"1741","36693","False"
"1742","36618","False"
"1742","11619","True"
"1742","36620","False"
"1742","36621","False"
"1742","36622","False"
"1742","36623","False"
"1742","36624","False"
"1742","36696","False"
"1742","36627","False"
"1742","36697","False"
"1742","36632","False"
"1742","36633","True"
"1742","36636","False"
"1742","36638","False"
"1742","36640","False"
"1742","36641","False"
"1742","36643","False"
"1742","36644","False"
"1742","36645","False"
"1742","11697","True"
"1742","11655","False"
"1742","36652","False"
"1742","36701","False"
"1742","36656","False"
"1742","36657","False"
"1742","11573","False"
"1742","11574","True"
"1742","11575","True"
"1742","36664","False"
"1742","36665","False"
"1742","36666","False"
"1742","11579","True"
"1742","11580","True"
"1742","11583","False"
"1742","36673","False"
"1742","36674","False"
"1742","36931","False"
"1742","36932","False"
"1742","36933","False"
"1742","36934","False"
"1742","36935","False"
"1742","36936","False"
"1742","36937","False"
"1742","11594","True"
"1742","36939","False"
"1742","36940","False"
"1742","36941","False"
"1742","36942","False"
"1742","36943","False"
"1742","11600","False"
"1742","11601","False"
"1742","11602","False"
"1742","36947","False"
"1742","36948","True"
"1742","36949","False"
"1742","11577","True"
"1742","36952","False"
"1742","36953","False"
"1742","11612","False"
"1742","11578","True"
"1742","12382","False"
"1742","36959","False"
"1742","36960","False"
"1742","36961","False"
"1742","36962","False"
"1742","36963","False"
"1742","36964","False"
"1742","11588","True"
"1742","11626","True"
"1742","11628","True"
"1742","11629","True"
"1742","11630","True"
"1742","11637","True"
"1742","11641","True"
"1742","11642","True"
"1742","11644","False"
"1742","11645","True"
"1742","11646","True"
"1742","11653","True"
"1742","11585","True"
"1742","11656","True"
"1742","11657","True"
"1742","11658","False"
"1742","14988","False"
"1742","11661","True"
"1742","11663","True"
"1742","11615","True"
"1742","36675","False"
"1742","11673","False"
"1742","11672","False"
"1742","36676","False"
"1742","11680","True"
"1742","36678","False"
"1742","36679","False"
"1742","11692","False"
"1742","11693","True"
"1742","11694","True"
"1742","11696","True"
"1742","36680","False"
"1742","11705","True"
"1742","36683","False"
"1742","11596","True"
"1742","11617","True"
"1742","11685","True"
"1742","11618","True"
"1742","36691","False"
"1742","11604","True"
"1742","36693","True"
"335","36618","True"
"335","11619","True"
"335","36620","False"
"335","36621","False"
"335","36622","True"
"335","36623","True"
"335","36624","True"
"335","36696","True"
"335","36627","True"
"335","36697","True"
"335","36632","True"
"335","36633","True"
"335","36636","True"
"335","36638","True"
"335","36640","True"
"335","36641","True"
"335","36643","True"
"335","36644","True"
"335","36645","True"
"335","11697","True"
"335","11655","True"
"335","36652","True"
"335","36701","True"
"335","36656","True"
"335","36657","True"
"335","11573","True"
"335","11574","True"
"335","11575","True"
"335","36664","True"
"335","36665","True"
"335","36666","False"
"335","11579","True"
"335","11580","True"
"335","11583","True"
"335","36673","True"
"335","36674","True"
"335","36931","True"
"335","36932","True"
"335","36933","True"
"335","36934","True"
"335","36935","True"
"335","36936","True"
"335","36937","True"
"335","11594","True"
"335","36939","True"
"335","36940","True"
"335","36941","True"
"335","36942","True"
"335","36943","True"
"335","11600","True"
"335","11601","True"
"335","11602","False"
"335","36947","True"
"335","36948","False"
"335","36949","False"
"335","11577","False"
"335","36952","False"
"335","36953","False"
"335","11612","False"
"335","11578","False"
"335","12382","True"
"335","36959","True"
"335","36960","True"
"335","36961","True"
"335","36962","True"
"335","36963","True"
"335","36964","True"
"335","11588","True"
"335","11626","True"
"335","11628","False"
"335","11629","True"
"335","11630","True"
"335","11637","True"
"335","11641","True"
"335","11642","True"
"335","11644","True"
"335","11645","False"
"335","11646","True"
"335","11653","True"
"335","11585","True"
"335","11656","True"
"335","11657","True"
"335","11658","True"
"335","14988","True"
"335","11661","True"
"335","11663","True"
"335","11615","False"
"335","36675","True"
"335","11673","True"
"335","11672","True"
"335","36676","True"
"335","11680","True"
"335","36678","True"
"335","36679","True"
"335","11692","True"
"335","11693","True"
"335","11694","True"
"335","11696","False"
"335","36680","True"
"335","11705","True"
"335","36683","False"
"335","11596","False"
"335","11617","True"
"335","11685","True"
"335","11618","True"
"335","36691","True"
"335","11604","True"
"335","36693","False"
"1750","36618","True"
"1750","11619","True"
"1750","36620","False"
"1750","36621","False"
"1750","36622","False"
"1750","36623","False"
"1750","36624","True"
"1750","36696","False"
"1750","36627","False"
"1750","36697","False"
"1750","36632","False"
"1750","36633","True"
"1750","36636","False"
"1750","36638","False"
"1750","36640","False"
"1750","36641","False"
"1750","36643","False"
"1750","36644","False"
"1750","36645","False"
"1750","11697","True"
"1750","11655","True"
"1750","36652","False"
"1750","36701","False"
"1750","36656","False"
"1750","36657","False"
"1750","11573","True"
"1750","11574","True"
"1750","11575","True"
"1750","36664","False"
"1750","36665","False"
"1750","36666","False"
"1750","11579","True"
"1750","11580","True"
"1750","11583","True"
"1750","36673","False"
"1750","36674","False"
"1750","36931","True"
"1750","36932","False"
"1750","36933","False"
"1750","36934","False"
"1750","36935","False"
"1750","36936","True"
"1750","36937","False"
"1750","11594","True"
"1750","36939","False"
"1750","36940","False"
"1750","36941","False"
"1750","36942","False"
"1750","36943","True"
"1750","11600","True"
"1750","11601","True"
"1750","11602","False"
"1750","36947","True"
"1750","36948","False"
"1750","36949","False"
"1750","11577","True"
"1750","36952","False"
"1750","36953","False"
"1750","11612","True"
"1750","11578","True"
"1750","12382","False"
"1750","36959","False"
"1750","36960","False"
"1750","36961","False"
"1750","36962","False"
"1750","36963","False"
"1750","36964","False"
"1750","11588","False"
"1750","11626","True"
"1750","11628","True"
"1750","11629","True"
"1750","11630","True"
"1750","11637","True"
"1750","11641","True"
"1750","11642","True"
"1750","11644","True"
"1750","11645","True"
"1750","11646","True"
"1750","11653","True"
"1750","11585","True"
"1750","11656","True"
"1750","11657","True"
"1750","11658","True"
"1750","14988","True"
"1750","11661","True"
"1750","11663","True"
"1750","11615","True"
"1750","36675","False"
"1750","11673","True"
"1750","11672","False"
"1750","36676","False"
"1750","11680","True"
"1750","36678","True"
"1750","36679","False"
"1750","11692","False"
"1750","11693","True"
"1750","11694","True"
"1750","11696","True"
"1750","36680","False"
"1750","11705","True"
"1750","36683","False"
"1750","11596","True"
"1750","11617","True"
"1750","11685","True"
"1750","11618","True"
"1750","36691","False"
"1750","11604","True"
"1750","36693","True"
"1755","36618","True"
"1755","11619","False"
"1755","36620","False"
"1755","36621","False"
"1755","36622","False"
"1755","36623","True"
"1755","36624","True"
"1755","36696","False"
"1755","36627","False"
"1755","36697","False"
"1755","36632","False"
"1755","36633","True"
"1755","36636","False"
"1755","36638","False"
"1755","36640","False"
"1755","36641","False"
"1755","36643","False"
"1755","36644","False"
"1755","36645","False"
"1755","11697","False"
"1755","11655","False"
"1755","36652","False"
"1755","36701","False"
"1755","36656","False"
"1755","36657","True"
"1755","11573","True"
"1755","11574","False"
"1755","11575","False"
"1755","36664","False"
"1755","36665","False"
"1755","36666","False"
"1755","11579","False"
"1755","11580","False"
"1755","11583","True"
"1755","36673","False"
"1755","36674","False"
"1755","36931","False"
"1755","36932","False"
"1755","36933","False"
"1755","36934","False"
"1755","36935","False"
"1755","36936","False"
"1755","36937","False"
"1755","11594","False"
"1755","36939","False"
"1755","36940","False"
"1755","36941","False"
"1755","36942","False"
"1755","36943","False"
"1755","11600","True"
"1755","11601","False"
"1755","11602","False"
"1755","36947","True"
"1755","36948","False"
"1755","36949","False"
"1755","11577","False"
"1755","36952","False"
"1755","36953","False"
"1755","11612","False"
"1755","11578","False"
"1755","12382","True"
"1755","36959","False"
"1755","36960","False"
"1755","36961","False"
"1755","36962","False"
"1755","36963","False"
"1755","36964","False"
"1755","11588","False"
"1755","11626","False"
"1755","11628","False"
"1755","11629","False"
"1755","11630","False"
"1755","11637","False"
"1755","11641","True"
"1755","11642","False"
"1755","11644","False"
"1755","11645","False"
"1755","11646","False"
"1755","11653","False"
"1755","11585","False"
"1755","11656","False"
"1755","11657","False"
"1755","11658","False"
"1755","14988","True"
"1755","11661","False"
"1755","11663","False"
"1755","11615","False"
"1755","36675","False"
"1755","11673","False"
"1755","11672","False"
"1755","36676","False"
"1755","11680","False"
"1755","36678","False"
"1755","36679","False"
"1755","11692","False"
"1755","11693","False"
"1755","11694","False"
"1755","11696","False"
"1755","36680","False"
"1755","11705","False"
"1755","36683","False"
"1755","11596","False"
"1755","11617","False"
"1755","11685","True"
"1755","11618","False"
"1755","36691","False"
"1755","11604","False"
"1755","36693","False"
"1756","36618","False"
"1756","11619","False"
"1756","36620","False"
"1756","36621","False"
"1756","36622","False"
"1756","36623","False"
"1756","36624","False"
"1756","36696","False"
"1756","36627","False"
"1756","36697","False"
"1756","36632","False"
"1756","36633","True"
"1756","36636","False"
"1756","36638","False"
"1756","36640","False"
"1756","36641","False"
"1756","36643","False"
"1756","36644","False"
"1756","36645","False"
"1756","11697","True"
"1756","11655","False"
"1756","36652","False"
"1756","36701","False"
"1756","36656","False"
"1756","36657","False"
"1756","11573","True"
"1756","11574","True"
"1756","11575","True"
"1756","36664","False"
"1756","36665","False"
"1756","36666","False"
"1756","11579","True"
"1756","11580","True"
"1756","11583","False"
"1756","36673","False"
"1756","36674","False"
"1756","36931","False"
"1756","36932","False"
"1756","36933","False"
"1756","36934","False"
"1756","36935","False"
"1756","36936","False"
"1756","36937","False"
"1756","11594","False"
"1756","36939","False"
"1756","36940","False"
"1756","36941","False"
"1756","36942","False"
"1756","36943","False"
"1756","11600","True"
"1756","11601","True"
"1756","11602","False"
"1756","36947","False"
"1756","36948","False"
"1756","36949","False"
"1756","11577","True"
"1756","36952","False"
"1756","36953","False"
"1756","11612","False"
"1756","11578","False"
"1756","12382","False"
"1756","36959","False"
"1756","36960","False"
"1756","36961","False"
"1756","36962","False"
"1756","36963","False"
"1756","36964","False"
"1756","11588","False"
"1756","11626","True"
"1756","11628","True"
"1756","11629","False"
"1756","11630","True"
"1756","11637","False"
"1756","11641","False"
"1756","11642","False"
"1756","11644","True"
"1756","11645","False"
"1756","11646","False"
"1756","11653","False"
"1756","11585","True"
"1756","11656","False"
"1756","11657","True"
"1756","11658","False"
"1756","14988","False"
"1756","11661","False"
"1756","11663","True"
"1756","11615","False"
"1756","36675","False"
"1756","11673","True"
"1756","11672","False"
"1756","36676","False"
"1756","11680","True"
"1756","36678","False"
"1756","36679","False"
"1756","11692","False"
"1756","11693","True"
"1756","11694","False"
"1756","11696","False"
"1756","36680","False"
"1756","11705","False"
"1756","36683","False"
"1756","11596","False"
"1756","11617","True"
"1756","11685","True"
"1756","11618","False"
"1756","36691","False"
"1756","11604","False"
"1756","36693","False"
"1757","36618","True"
"1757","11619","True"
"1757","36620","False"
"1757","36621","False"
"1757","36622","False"
"1757","36623","False"
"1757","36624","False"
"1757","36696","False"
"1757","36627","True"
"1757","36697","False"
"1757","36632","False"
"1757","36633","True"
"1757","36636","False"
"1757","36638","False"
"1757","36640","False"
"1757","36641","False"
"1757","36643","False"
"1757","36644","False"
"1757","36645","False"
"1757","11697","True"
"1757","11655","True"
"1757","36652","False"
"1757","36701","False"
"1757","36656","False"
"1757","36657","True"
"1757","11573","True"
"1757","11574","True"
"1757","11575","True"
"1757","36664","False"
"1757","36665","False"
"1757","36666","False"
"1757","11579","True"
"1757","11580","True"
"1757","11583","True"
"1757","36673","False"
"1757","36674","False"
"1757","36931","False"
"1757","36932","False"
"1757","36933","False"
"1757","36934","False"
"1757","36935","False"
"1757","36936","False"
"1757","36937","False"
"1757","11594","True"
"1757","36939","False"
"1757","36940","False"
"1757","36941","False"
"1757","36942","False"
"1757","36943","False"
"1757","11600","True"
"1757","11601","False"
"1757","11602","False"
"1757","36947","False"
"1757","36948","True"
"1757","36949","False"
"1757","11577","False"
"1757","36952","False"
"1757","36953","False"
"1757","11612","True"
"1757","11578","True"
"1757","12382","True"
"1757","36959","False"
"1757","36960","False"
"1757","36961","False"
"1757","36962","False"
"1757","36963","False"
"1757","36964","False"
"1757","11588","True"
"1757","11626","False"
"1757","11628","True"
"1757","11629","True"
"1757","11630","False"
"1757","11637","True"
"1757","11641","True"
"1757","11642","False"
"1757","11644","False"
"1757","11645","True"
"1757","11646","True"
"1757","11653","False"
"1757","11585","True"
"1757","11656","True"
"1757","11657","False"
"1757","11658","False"
"1757","14988","True"
"1757","11661","True"
"1757","11663","False"
"1757","11615","False"
"1757","36675","False"
"1757","11673","True"
"1757","11672","False"
"1757","36676","False"
"1757","11680","True"
"1757","36678","False"
"1757","36679","False"
"1757","11692","False"
"1757","11693","True"
"1757","11694","True"
"1757","11696","False"
"1757","36680","False"
"1757","11705","True"
"1757","36683","False"
"1757","11596","True"
"1757","11617","True"
"1757","11685","True"
"1757","11618","True"
"1757","36691","False"
"1757","11604","True"
"1757","36693","False"
"1758","36618","False"
"1758","11619","True"
"1758","36620","False"
"1758","36621","False"
"1758","36622","True"
"1758","36623","False"
"1758","36624","True"
"1758","36696","True"
"1758","36627","False"
"1758","36697","False"
"1758","36632","True"
"1758","36633","True"
"1758","36636","False"
"1758","36638","False"
"1758","36640","False"
"1758","36641","False"
"1758","36643","False"
"1758","36644","False"
"1758","36645","False"
"1758","11697","False"
"1758","11655","False"
"1758","36652","False"
"1758","36701","False"
"1758","36656","False"
"1758","36657","False"
"1758","11573","True"
"1758","11574","False"
"1758","11575","True"
"1758","36664","False"
"1758","36665","False"
"1758","36666","True"
"1758","11579","True"
"1758","11580","False"
"1758","11583","True"
"1758","36673","True"
"1758","36674","False"
"1758","36931","False"
"1758","36932","True"
"1758","36933","False"
"1758","36934","False"
"1758","36935","False"
"1758","36936","False"
"1758","36937","False"
"1758","11594","False"
"1758","36939","False"
"1758","36940","True"
"1758","36941","False"
"1758","36942","False"
"1758","36943","False"
"1758","11600","False"
"1758","11601","True"
"1758","11602","False"
"1758","36947","True"
"1758","36948","False"
"1758","36949","False"
"1758","11577","False"
"1758","36952","False"
"1758","36953","True"
"1758","11612","True"
"1758","11578","False"
"1758","12382","False"
"1758","36959","False"
"1758","36960","False"
"1758","36961","False"
"1758","36962","False"
"1758","36963","False"
"1758","36964","False"
"1758","11588","False"
"1758","11626","False"
"1758","11628","False"
"1758","11629","False"
"1758","11630","False"
"1758","11637","False"
"1758","11641","False"
"1758","11642","True"
"1758","11644","False"
"1758","11645","False"
"1758","11646","False"
"1758","11653","False"
"1758","11585","False"
"1758","11656","False"
"1758","11657","False"
"1758","11658","False"
"1758","14988","False"
"1758","11661","False"
"1758","11663","False"
"1758","11615","False"
"1758","36675","False"
"1758","11673","False"
"1758","11672","False"
"1758","36676","False"
"1758","11680","True"
"1758","36678","False"
"1758","36679","True"
"1758","11692","False"
"1758","11693","True"
"1758","11694","False"
"1758","11696","False"
"1758","36680","False"
"1758","11705","True"
"1758","36683","False"
"1758","11596","True"
"1758","11617","True"
"1758","11685","True"
"1758","11618","False"
"1758","36691","True"
"1758","11604","True"
"1758","36693","True"
"1759","36618","False"
"1759","11619","False"
"1759","36620","False"
"1759","36621","False"
"1759","36622","False"
"1759","36623","False"
"1759","36624","False"
"1759","36696","False"
"1759","36627","False"
"1759","36697","False"
"1759","36632","False"
"1759","36633","True"
"1759","36636","False"
"1759","36638","False"
"1759","36640","False"
"1759","36641","False"
"1759","36643","False"
"1759","36644","False"
"1759","36645","False"
"1759","11697","True"
"1759","11655","True"
"1759","36652","False"
"1759","36701","False"
"1759","36656","False"
"1759","36657","True"
"1759","11573","True"
"1759","11574","True"
"1759","11575","True"
"1759","36664","False"
"1759","36665","False"
"1759","36666","False"
"1759","11579","False"
"1759","11580","True"
"1759","11583","True"
"1759","36673","False"
"1759","36674","False"
"1759","36931","False"
"1759","36932","True"
"1759","36933","False"
"1759","36934","False"
"1759","36935","False"
"1759","36936","False"
"1759","36937","False"
"1759","11594","True"
"1759","36939","False"
"1759","36940","False"
"1759","36941","False"
"1759","36942","False"
"1759","36943","False"
"1759","11600","True"
"1759","11601","True"
"1759","11602","False"
"1759","36947","False"
"1759","36948","True"
"1759","36949","False"
"1759","11577","False"
"1759","36952","False"
"1759","36953","False"
"1759","11612","False"
"1759","11578","False"
"1759","12382","True"
"1759","36959","False"
"1759","36960","False"
"1759","36961","False"
"1759","36962","False"
"1759","36963","False"
"1759","36964","False"
"1759","11588","False"
"1759","11626","False"
"1759","11628","True"
"1759","11629","True"
"1759","11630","True"
"1759","11637","False"
"1759","11641","False"
"1759","11642","False"
"1759","11644","True"
"1759","11645","True"
"1759","11646","True"
"1759","11653","True"
"1759","11585","True"
"1759","11656","True"
"1759","11657","False"
"1759","11658","False"
"1759","14988","False"
"1759","11661","False"
"1759","11663","False"
"1759","11615","False"
"1759","36675","False"
"1759","11673","False"
"1759","11672","False"
"1759","36676","False"
"1759","11680","True"
"1759","36678","False"
"1759","36679","False"
"1759","11692","False"
"1759","11693","False"
"1759","11694","True"
"1759","11696","False"
"1759","36680","False"
"1759","11705","False"
"1759","36683","False"
"1759","11596","True"
"1759","11617","True"
"1759","11685","True"
"1759","11618","True"
"1759","36691","False"
"1759","11604","False"
"1759","36693","False"
"1760","36618","False"
"1760","11619","True"
"1760","36620","False"
"1760","36621","False"
"1760","36622","True"
"1760","36623","False"
"1760","36624","False"
"1760","36696","True"
"1760","36627","False"
"1760","36697","False"
"1760","36632","False"
"1760","36633","False"
"1760","36636","False"
"1760","36638","False"
"1760","36640","False"
"1760","36641","False"
"1760","36643","False"
"1760","36644","False"
"1760","36645","False"
"1760","11697","False"
"1760","11655","True"
"1760","36652","False"
"1760","36701","False"
"1760","36656","False"
"1760","36657","True"
"1760","11573","False"
"1760","11574","False"
"1760","11575","False"
"1760","36664","False"
"1760","36665","False"
"1760","36666","False"
"1760","11579","True"
"1760","11580","False"
"1760","11583","True"
"1760","36673","False"
"1760","36674","False"
"1760","36931","False"
"1760","36932","True"
"1760","36933","False"
"1760","36934","False"
"1760","36935","False"
"1760","36936","False"
"1760","36937","False"
"1760","11594","False"
"1760","36939","False"
"1760","36940","False"
"1760","36941","False"
"1760","36942","False"
"1760","36943","False"
"1760","11600","False"
"1760","11601","True"
"1760","11602","False"
"1760","36947","True"
"1760","36948","False"
"1760","36949","False"
"1760","11577","False"
"1760","36952","False"
"1760","36953","False"
"1760","11612","False"
"1760","11578","False"
"1760","12382","True"
"1760","36959","False"
"1760","36960","False"
"1760","36961","False"
"1760","36962","False"
"1760","36963","False"
"1760","36964","False"
"1760","11588","False"
"1760","11626","False"
"1760","11628","True"
"1760","11629","True"
"1760","11630","False"
"1760","11637","False"
"1760","11641","False"
"1760","11642","False"
"1760","11644","False"
"1760","11645","False"
"1760","11646","False"
"1760","11653","False"
"1760","11585","True"
"1760","11656","False"
"1760","11657","True"
"1760","11658","False"
"1760","14988","False"
"1760","11661","False"
"1760","11663","False"
"1760","11615","False"
"1760","36675","False"
"1760","11673","False"
"1760","11672","False"
"1760","36676","False"
"1760","11680","False"
"1760","36678","False"
"1760","36679","False"
"1760","11692","False"
"1760","11693","False"
"1760","11694","False"
"1760","11696","False"
"1760","36680","False"
"1760","11705","False"
"1760","36683","False"
"1760","11596","False"
"1760","11617","False"
"1760","11685","False"
"1760","11618","False"
"1760","36691","False"
"1760","11604","False"
"1760","36693","False"
"1761","36618","False"
"1761","11619","True"
"1761","36620","False"
"1761","36621","False"
"1761","36622","True"
"1761","36623","False"
"1761","36624","True"
"1761","36696","True"
"1761","36627","False"
"1761","36697","True"
"1761","36632","True"
"1761","36633","True"
"1761","36636","False"
"1761","36638","False"
"1761","36640","False"
"1761","36641","True"
"1761","36643","True"
"1761","36644","False"
"1761","36645","True"
"1761","11697","False"
"1761","11655","True"
"1761","36652","True"
"1761","36701","True"
"1761","36656","True"
"1761","36657","False"
"1761","11573","False"
"1761","11574","True"
"1761","11575","True"
"1761","36664","True"
"1761","36665","True"
"1761","36666","False"
"1761","11579","True"
"1761","11580","False"
"1761","11583","True"
"1761","36673","True"
"1761","36674","False"
"1761","36931","False"
"1761","36932","False"
"1761","36933","True"
"1761","36934","False"
"1761","36935","True"
"1761","36936","True"
"1761","36937","False"
"1761","11594","False"
"1761","36939","True"
"1761","36940","True"
"1761","36941","False"
"1761","36942","True"
"1761","36943","False"
"1761","11600","False"
"1761","11601","False"
"1761","11602","False"
"1761","36947","True"
"1761","36948","True"
"1761","36949","True"
"1761","11577","False"
"1761","36952","True"
"1761","36953","False"
"1761","11612","False"
"1761","11578","False"
"1761","12382","True"
"1761","36959","True"
"1761","36960","False"
"1761","36961","False"
"1761","36962","True"
"1761","36963","False"
"1761","36964","False"
"1761","11588","True"
"1761","11626","False"
"1761","11628","False"
"1761","11629","True"
"1761","11630","False"
"1761","11637","False"
"1761","11641","True"
"1761","11642","False"
"1761","11644","False"
"1761","11645","True"
"1761","11646","True"
"1761","11653","True"
"1761","11585","True"
"1761","11656","False"
"1761","11657","False"
"1761","11658","False"
"1761","14988","False"
"1761","11661","False"
"1761","11663","False"
"1761","11615","False"
"1761","36675","False"
"1761","11673","False"
"1761","11672","False"
"1761","36676","False"
"1761","11680","False"
"1761","36678","True"
"1761","36679","True"
"1761","11692","False"
"1761","11693","True"
"1761","11694","True"
"1761","11696","False"
"1761","36680","True"
"1761","11705","True"
"1761","36683","True"
"1761","11596","True"
"1761","11617","True"
"1761","11685","True"
"1761","11618","False"
"1761","36691","False"
"1761","11604","True"
"1761","36693","False"
"1762","36618","False"
"1762","11619","True"
"1762","36620","False"
"1762","36621","False"
"1762","36622","False"
"1762","36623","False"
"1762","36624","False"
"1762","36696","False"
"1762","36627","False"
"1762","36697","False"
"1762","36632","False"
"1762","36633","True"
"1762","36636","False"
"1762","36638","False"
"1762","36640","False"
"1762","36641","False"
"1762","36643","False"
"1762","36644","False"
"1762","36645","False"
"1762","11697","True"
"1762","11655","False"
"1762","36652","False"
"1762","36701","False"
"1762","36656","False"
"1762","36657","True"
"1762","11573","True"
"1762","11574","True"
"1762","11575","True"
"1762","36664","False"
"1762","36665","False"
"1762","36666","False"
"1762","11579","True"
"1762","11580","True"
"1762","11583","True"
"1762","36673","False"
"1762","36674","False"
"1762","36931","False"
"1762","36932","False"
"1762","36933","False"
"1762","36934","False"
"1762","36935","False"
"1762","36936","False"
"1762","36937","False"
"1762","11594","True"
"1762","36939","False"
"1762","36940","False"
"1762","36941","False"
"1762","36942","False"
"1762","36943","False"
"1762","11600","True"
"1762","11601","True"
"1762","11602","False"
"1762","36947","False"
"1762","36948","True"
"1762","36949","False"
"1762","11577","False"
"1762","36952","False"
"1762","36953","False"
"1762","11612","True"
"1762","11578","True"
"1762","12382","False"
"1762","36959","False"
"1762","36960","False"
"1762","36961","False"
"1762","36962","False"
"1762","36963","False"
"1762","36964","False"
"1762","11588","False"
"1762","11626","False"
"1762","11628","True"
"1762","11629","True"
"1762","11630","False"
"1762","11637","False"
"1762","11641","False"
"1762","11642","False"
"1762","11644","False"
"1762","11645","False"
"1762","11646","True"
"1762","11653","False"
"1762","11585","True"
"1762","11656","True"
"1762","11657","False"
"1762","11658","False"
"1762","14988","False"
"1762","11661","True"
"1762","11663","True"
"1762","11615","False"
"1762","36675","False"
"1762","11673","True"
"1762","11672","True"
"1762","36676","False"
"1762","11680","True"
"1762","36678","False"
"1762","36679","False"
"1762","11692","False"
"1762","11693","False"
"1762","11694","False"
"1762","11696","False"
"1762","36680","False"
"1762","11705","True"
"1762","36683","False"
"1762","11596","True"
"1762","11617","True"
"1762","11685","True"
"1762","11618","True"
"1762","36691","False"
"1762","11604","True"
"1762","36693","False"
"1763","36618","False"
"1763","11619","False"
"1763","36620","False"
"1763","36621","False"
"1763","36622","False"
"1763","36623","True"
"1763","36624","True"
"1763","36696","False"
"1763","36627","False"
"1763","36697","False"
"1763","36632","False"
"1763","36633","False"
"1763","36636","False"
"1763","36638","False"
"1763","36640","False"
"1763","36641","False"
"1763","36643","False"
"1763","36644","False"
"1763","36645","False"
"1763","11697","False"
"1763","11655","False"
"1763","36652","False"
"1763","36701","False"
"1763","36656","False"
"1763","36657","False"
"1763","11573","True"
"1763","11574","False"
"1763","11575","True"
"1763","36664","False"
"1763","36665","False"
"1763","36666","False"
"1763","11579","True"
"1763","11580","True"
"1763","11583","False"
"1763","36673","False"
"1763","36674","False"
"1763","36931","False"
"1763","36932","False"
"1763","36933","False"
"1763","36934","False"
"1763","36935","False"
"1763","36936","False"
"1763","36937","False"
"1763","11594","False"
"1763","36939","False"
"1763","36940","False"
"1763","36941","False"
"1763","36942","False"
"1763","36943","False"
"1763","11600","False"
"1763","11601","True"
"1763","11602","False"
"1763","36947","False"
"1763","36948","False"
"1763","36949","False"
"1763","11577","True"
"1763","36952","False"
"1763","36953","False"
"1763","11612","True"
"1763","11578","False"
"1763","12382","False"
"1763","36959","False"
"1763","36960","False"
"1763","36961","False"
"1763","36962","False"
"1763","36963","False"
"1763","36964","False"
"1763","11588","False"
"1763","11626","True"
"1763","11628","False"
"1763","11629","False"
"1763","11630","False"
"1763","11637","False"
"1763","11641","False"
"1763","11642","False"
"1763","11644","False"
"1763","11645","False"
"1763","11646","False"
"1763","11653","False"
"1763","11585","True"
"1763","11656","False"
"1763","11657","False"
"1763","11658","False"
"1763","14988","False"
"1763","11661","False"
"1763","11663","False"
"1763","11615","False"
"1763","36675","False"
"1763","11673","False"
"1763","11672","True"
"1763","36676","False"
"1763","11680","False"
"1763","36678","False"
"1763","36679","False"
"1763","11692","False"
"1763","11693","False"
"1763","11694","False"
"1763","11696","False"
"1763","36680","False"
"1763","11705","False"
"1763","36683","False"
"1763","11596","False"
"1763","11617","False"
"1763","11685","False"
"1763","11618","True"
"1763","36691","False"
"1763","11604","True"
"1763","36693","False"
"1764","36618","False"
"1764","11619","False"
"1764","36620","False"
"1764","36621","False"
"1764","36622","False"
"1764","36623","False"
"1764","36624","False"
"1764","36696","False"
"1764","36627","False"
"1764","36697","False"
"1764","36632","False"
"1764","36633","True"
"1764","36636","False"
"1764","36638","False"
"1764","36640","False"
"1764","36641","False"
"1764","36643","False"
"1764","36644","False"
"1764","36645","False"
"1764","11697","False"
"1764","11655","False"
"1764","36652","False"
"1764","36701","False"
"1764","36656","False"
"1764","36657","True"
"1764","11573","True"
"1764","11574","False"
"1764","11575","False"
"1764","36664","False"
"1764","36665","False"
"1764","36666","False"
"1764","11579","True"
"1764","11580","True"
"1764","11583","True"
"1764","36673","False"
"1764","36674","False"
"1764","36931","False"
"1764","36932","False"
"1764","36933","False"
"1764","36934","False"
"1764","36935","False"
"1764","36936","True"
"1764","36937","False"
"1764","11594","True"
"1764","36939","False"
"1764","36940","False"
"1764","36941","False"
"1764","36942","False"
"1764","36943","False"
"1764","11600","True"
"1764","11601","True"
"1764","11602","True"
"1764","36947","False"
"1764","36948","False"
"1764","36949","False"
"1764","11577","False"
"1764","36952","False"
"1764","36953","False"
"1764","11612","False"
"1764","11578","True"
"1764","12382","False"
"1764","36959","False"
"1764","36960","False"
"1764","36961","False"
"1764","36962","False"
"1764","36963","False"
"1764","36964","False"
"1764","11588","False"
"1764","11626","True"
"1764","11628","True"
"1764","11629","True"
"1764","11630","True"
"1764","11637","True"
"1764","11641","True"
"1764","11642","False"
"1764","11644","False"
"1764","11645","False"
"1764","11646","True"
"1764","11653","True"
"1764","11585","False"
"1764","11656","True"
"1764","11657","True"
"1764","11658","False"
"1764","14988","False"
"1764","11661","True"
"1764","11663","False"
"1764","11615","True"
"1764","36675","False"
"1764","11673","True"
"1764","11672","False"
"1764","36676","False"
"1764","11680","True"
"1764","36678","False"
"1764","36679","False"
"1764","11692","False"
"1764","11693","True"
"1764","11694","False"
"1764","11696","True"
"1764","36680","False"
"1764","11705","True"
"1764","36683","False"
"1764","11596","True"
"1764","11617","True"
"1764","11685","True"
"1764","11618","True"
"1764","36691","True"
"1764","11604","False"
"1764","36693","True"
"1765","36618","False"
"1765","11619","False"
"1765","36620","False"
"1765","36621","False"
"1765","36622","False"
"1765","36623","False"
"1765","36624","False"
"1765","36696","True"
"1765","36627","False"
"1765","36697","False"
"1765","36632","False"
"1765","36633","False"
"1765","36636","False"
"1765","36638","False"
"1765","36640","False"
"1765","36641","False"
"1765","36643","False"
"1765","36644","False"
"1765","36645","False"
"1765","11697","True"
"1765","11655","True"
"1765","36652","False"
"1765","36701","False"
"1765","36656","False"
"1765","36657","False"
"1765","11573","True"
"1765","11574","False"
"1765","11575","True"
"1765","36664","False"
"1765","36665","False"
"1765","36666","False"
"1765","11579","False"
"1765","11580","True"
"1765","11583","True"
"1765","36673","False"
"1765","36674","False"
"1765","36931","False"
"1765","36932","False"
"1765","36933","False"
"1765","36934","False"
"1765","36935","False"
"1765","36936","False"
"1765","36937","False"
"1765","11594","False"
"1765","36939","False"
"1765","36940","False"
"1765","36941","False"
"1765","36942","False"
"1765","36943","False"
"1765","11600","False"
"1765","11601","True"
"1765","11602","False"
"1765","36947","False"
"1765","36948","False"
"1765","36949","False"
"1765","11577","False"
"1765","36952","False"
"1765","36953","False"
"1765","11612","False"
"1765","11578","True"
"1765","12382","False"
"1765","36959","False"
"1765","36960","False"
"1765","36961","False"
"1765","36962","False"
"1765","36963","False"
"1765","36964","False"
"1765","11588","False"
"1765","11626","True"
"1765","11628","True"
"1765","11629","True"
"1765","11630","False"
"1765","11637","False"
"1765","11641","False"
"1765","11642","True"
"1765","11644","False"
"1765","11645","False"
"1765","11646","True"
"1765","11653","True"
"1765","11585","True"
"1765","11656","True"
"1765","11657","False"
"1765","11658","False"
"1765","14988","False"
"1765","11661","False"
"1765","11663","False"
"1765","11615","False"
"1765","36675","False"
"1765","11673","False"
"1765","11672","False"
"1765","36676","False"
"1765","11680","True"
"1765","36678","False"
"1765","36679","False"
"1765","11692","False"
"1765","11693","True"
"1765","11694","True"
"1765","11696","False"
"1765","36680","False"
"1765","11705","False"
"1765","36683","False"
"1765","11596","True"
"1765","11617","True"
"1765","11685","True"
"1765","11618","True"
"1765","36691","False"
"1765","11604","True"
"1765","36693","False"
"1766","36618","False"
"1766","11619","False"
"1766","36620","False"
"1766","36621","False"
"1766","36622","False"
"1766","36623","False"
"1766","36624","False"
"1766","36696","False"
"1766","36627","False"
"1766","36697","False"
"1766","36632","False"
"1766","36633","True"
"1766","36636","False"
"1766","36638","False"
"1766","36640","False"
"1766","36641","False"
"1766","36643","False"
"1766","36644","False"
"1766","36645","False"
"1766","11697","False"
"1766","11655","False"
"1766","36652","False"
"1766","36701","False"
"1766","36656","False"
"1766","36657","True"
"1766","11573","True"
"1766","11574","True"
"1766","11575","False"
"1766","36664","False"
"1766","36665","False"
"1766","36666","False"
"1766","11579","False"
"1766","11580","False"
"1766","11583","True"
"1766","36673","False"
"1766","36674","False"
"1766","36931","False"
"1766","36932","True"
"1766","36933","False"
"1766","36934","False"
"1766","36935","False"
"1766","36936","False"
"1766","36937","False"
"1766","11594","True"
"1766","36939","False"
"1766","36940","False"
"1766","36941","False"
"1766","36942","False"
"1766","36943","False"
"1766","11600","True"
"1766","11601","True"
"1766","11602","False"
"1766","36947","True"
"1766","36948","True"
"1766","36949","False"
"1766","11577","False"
"1766","36952","False"
"1766","36953","False"
"1766","11612","True"
"1766","11578","False"
"1766","12382","True"
"1766","36959","False"
"1766","36960","False"
"1766","36961","False"
"1766","36962","False"
"1766","36963","False"
"1766","36964","False"
"1766","11588","False"
"1766","11626","False"
"1766","11628","False"
"1766","11629","False"
"1766","11630","False"
"1766","11637","False"
"1766","11641","False"
"1766","11642","False"
"1766","11644","False"
"1766","11645","False"
"1766","11646","False"
"1766","11653","False"
"1766","11585","False"
"1766","11656","True"
"1766","11657","False"
"1766","11658","False"
"1766","14988","False"
"1766","11661","False"
"1766","11663","False"
"1766","11615","False"
"1766","36675","False"
"1766","11673","False"
"1766","11672","False"
"1766","36676","False"
"1766","11680","False"
"1766","36678","False"
"1766","36679","False"
"1766","11692","False"
"1766","11693","True"
"1766","11694","False"
"1766","11696","False"
"1766","36680","False"
"1766","11705","False"
"1766","36683","False"
"1766","11596","True"
"1766","11617","False"
"1766","11685","True"
"1766","11618","True"
"1766","36691","False"
"1766","11604","True"
"1766","36693","False"
"1005","36618","False"
"1005","11619","True"
"1005","36620","False"
"1005","36621","False"
"1005","36622","False"
"1005","36623","False"
"1005","36624","True"
"1005","36696","False"
"1005","36627","False"
"1005","36697","False"
"1005","36632","False"
"1005","36633","True"
"1005","36636","False"
"1005","36638","False"
"1005","36640","False"
"1005","36641","False"
"1005","36643","False"
"1005","36644","False"
"1005","36645","False"
"1005","11697","True"
"1005","11655","True"
"1005","36652","False"
"1005","36701","False"
"1005","36656","False"
"1005","36657","True"
"1005","11573","True"
"1005","11574","True"
"1005","11575","True"
"1005","36664","False"
"1005","36665","False"
"1005","36666","False"
"1005","11579","True"
"1005","11580","True"
"1005","11583","True"
"1005","36673","False"
"1005","36674","False"
"1005","36931","False"
"1005","36932","False"
"1005","36933","False"
"1005","36934","False"
"1005","36935","True"
"1005","36936","True"
"1005","36937","False"
"1005","11594","True"
"1005","36939","False"
"1005","36940","False"
"1005","36941","False"
"1005","36942","False"
"1005","36943","False"
"1005","11600","True"
"1005","11601","True"
"1005","11602","True"
"1005","36947","False"
"1005","36948","True"
"1005","36949","False"
"1005","11577","False"
"1005","36952","False"
"1005","36953","False"
"1005","11612","False"
"1005","11578","True"
"1005","12382","True"
"1005","36959","False"
"1005","36960","True"
"1005","36961","True"
"1005","36962","False"
"1005","36963","False"
"1005","36964","False"
"1005","11588","True"
"1005","11626","True"
"1005","11628","True"
"1005","11629","True"
"1005","11630","True"
"1005","11637","True"
"1005","11641","True"
"1005","11642","True"
"1005","11644","True"
"1005","11645","True"
"1005","11646","True"
"1005","11653","True"
"1005","11585","True"
"1005","11656","True"
"1005","11657","True"
"1005","11658","True"
"1005","14988","True"
"1005","11661","True"
"1005","11663","True"
"1005","11615","False"
"1005","36675","False"
"1005","11673","True"
"1005","11672","True"
"1005","36676","True"
"1005","11680","True"
"1005","36678","False"
"1005","36679","False"
"1005","11692","False"
"1005","11693","True"
"1005","11694","True"
"1005","11696","False"
"1005","36680","False"
"1005","11705","True"
"1005","36683","False"
"1005","11596","True"
"1005","11617","True"
"1005","11685","True"
"1005","11618","True"
"1005","36691","False"
"1005","11604","True"
"1005","36693","False"
"885","36618","True"
"885","11619","True"
"885","36620","True"
"885","36621","True"
"885","36622","True"
"885","36623","True"
"885","36624","True"
"885","36696","True"
"885","36627","True"
"885","36697","False"
"885","36632","True"
"885","36633","True"
"885","36636","True"
"885","36638","False"
"885","36640","False"
"885","36641","True"
"885","36643","True"
"885","36644","True"
"885","36645","True"
"885","11697","True"
"885","11655","True"
"885","36652","False"
"885","36701","True"
"885","36656","True"
"885","36657","True"
"885","11573","True"
"885","11574","True"
"885","11575","True"
"885","36664","True"
"885","36665","True"
"885","36666","True"
"885","11579","False"
"885","11580","True"
"885","11583","True"
"885","36673","True"
"885","36674","True"
"885","36931","True"
"885","36932","True"
"885","36933","True"
"885","36934","True"
"885","36935","True"
"885","36936","True"
"885","36937","True"
"885","11594","True"
"885","36939","True"
"885","36940","True"
"885","36941","True"
"885","36942","True"
"885","36943","True"
"885","11600","True"
"885","11601","False"
"885","11602","True"
"885","36947","True"
"885","36948","True"
"885","36949","True"
"885","11577","False"
"885","36952","True"
"885","36953","True"
"885","11612","True"
"885","11578","True"
"885","12382","True"
"885","36959","True"
"885","36960","True"
"885","36961","True"
"885","36962","True"
"885","36963","True"
"885","36964","True"
"885","11588","True"
"885","11626","True"
"885","11628","True"
"885","11629","True"
"885","11630","True"
"885","11637","True"
"885","11641","False"
"885","11642","False"
"885","11644","True"
"885","11645","True"
"885","11646","True"
"885","11653","True"
"885","11585","True"
"885","11656","True"
"885","11657","True"
"885","11658","True"
"885","14988","True"
"885","11661","True"
"885","11663","True"
"885","11615","True"
"885","36675","True"
"885","11673","True"
"885","11672","True"
"885","36676","True"
"885","11680","True"
"885","36678","True"
"885","36679","True"
"885","11692","True"
"885","11693","True"
"885","11694","True"
"885","11696","False"
"885","36680","True"
"885","11705","True"
"885","36683","True"
"885","11596","True"
"885","11617","True"
"885","11685","False"
"885","11618","True"
"885","36691","True"
"885","11604","True"
"885","36693","True"
"1743","36618","False"
"1743","11619","True"
"1743","36620","False"
"1743","36621","False"
"1743","36622","True"
"1743","36623","False"
"1743","36624","True"
"1743","36696","True"
"1743","36627","False"
"1743","36697","False"
"1743","36632","True"
"1743","36633","True"
"1743","36636","False"
"1743","36638","False"
"1743","36640","False"
"1743","36641","False"
"1743","36643","False"
"1743","36644","False"
"1743","36645","True"
"1743","11697","False"
"1743","11655","False"
"1743","36652","False"
"1743","36701","False"
"1743","36656","True"
"1743","36657","False"
"1743","11573","False"
"1743","11574","False"
"1743","11575","False"
"1743","36664","False"
"1743","36665","False"
"1743","36666","True"
"1743","11579","True"
"1743","11580","False"
"1743","11583","True"
"1743","36673","False"
"1743","36674","False"
"1743","36931","False"
"1743","36932","False"
"1743","36933","False"
"1743","36934","False"
"1743","36935","False"
"1743","36936","False"
"1743","36937","False"
"1743","11594","False"
"1743","36939","False"
"1743","36940","False"
"1743","36941","False"
"1743","36942","False"
"1743","36943","False"
"1743","11600","False"
"1743","11601","True"
"1743","11602","False"
"1743","36947","False"
"1743","36948","False"
"1743","36949","False"
"1743","11577","True"
"1743","36952","True"
"1743","36953","False"
"1743","11612","False"
"1743","11578","False"
"1743","12382","False"
"1743","36959","False"
"1743","36960","False"
"1743","36961","False"
"1743","36962","False"
"1743","36963","False"
"1743","36964","False"
"1743","11588","False"
"1743","11626","False"
"1743","11628","False"
"1743","11629","False"
"1743","11630","False"
"1743","11637","False"
"1743","11641","False"
"1743","11642","False"
"1743","11644","False"
"1743","11645","False"
"1743","11646","False"
"1743","11653","False"
"1743","11585","False"
"1743","11656","False"
"1743","11657","False"
"1743","11658","False"
"1743","14988","False"
"1743","11661","False"
"1743","11663","False"
"1743","11615","False"
"1743","36675","False"
"1743","11673","False"
"1743","11672","False"
"1743","36676","True"
"1743","11680","False"
"1743","36678","False"
"1743","36679","False"
"1743","11692","False"
"1743","11693","False"
"1743","11694","False"
"1743","11696","False"
"1743","36680","False"
"1743","11705","False"
"1743","36683","False"
"1743","11596","False"
"1743","11617","False"
"1743","11685","False"
"1743","11618","False"
"1743","36691","False"
"1743","11604","False"
"1743","36693","False"
"1023","36618","False"
"1023","11619","False"
"1023","36620","False"
"1023","36621","False"
"1023","36622","False"
"1023","36623","False"
"1023","36624","False"
"1023","36696","False"
"1023","36627","False"
"1023","36697","False"
"1023","36632","False"
"1023","36633","True"
"1023","36636","False"
"1023","36638","False"
"1023","36640","False"
"1023","36641","False"
"1023","36643","False"
"1023","36644","False"
"1023","36645","False"
"1023","11697","False"
"1023","11655","False"
"1023","36652","False"
"1023","36701","False"
"1023","36656","False"
"1023","36657","False"
"1023","11573","True"
"1023","11574","True"
"1023","11575","True"
"1023","36664","False"
"1023","36665","False"
"1023","36666","False"
"1023","11579","True"
"1023","11580","True"
"1023","11583","True"
"1023","36673","False"
"1023","36674","False"
"1023","36931","False"
"1023","36932","False"
"1023","36933","False"
"1023","36934","False"
"1023","36935","False"
"1023","36936","False"
"1023","36937","False"
"1023","11594","False"
"1023","36939","False"
"1023","36940","False"
"1023","36941","False"
"1023","36942","False"
"1023","36943","False"
"1023","11600","True"
"1023","11601","True"
"1023","11602","False"
"1023","36947","False"
"1023","36948","False"
"1023","36949","False"
"1023","11577","False"
"1023","36952","False"
"1023","36953","False"
"1023","11612","False"
"1023","11578","False"
"1023","12382","False"
"1023","36959","False"
"1023","36960","False"
"1023","36961","False"
"1023","36962","False"
"1023","36963","False"
"1023","36964","False"
"1023","11588","False"
"1023","11626","True"
"1023","11628","True"
"1023","11629","False"
"1023","11630","True"
"1023","11637","False"
"1023","11641","False"
"1023","11642","False"
"1023","11644","False"
"1023","11645","False"
"1023","11646","True"
"1023","11653","False"
"1023","11585","False"
"1023","11656","True"
"1023","11657","False"
"1023","11658","False"
"1023","14988","False"
"1023","11661","True"
"1023","11663","False"
"1023","11615","False"
"1023","36675","False"
"1023","11673","False"
"1023","11672","False"
"1023","36676","False"
"1023","11680","True"
"1023","36678","False"
"1023","36679","False"
"1023","11692","False"
"1023","11693","True"
"1023","11694","False"
"1023","11696","False"
"1023","36680","False"
"1023","11705","True"
"1023","36683","False"
"1023","11596","True"
"1023","11617","True"
"1023","11685","False"
"1023","11618","True"
"1023","36691","False"
"1023","11604","False"
"1023","36693","False"
